epoch,train_loss
1,0.451696
2,0.299832
3,0.259737
4,0.232864
5,0.216183
