epoch,train_loss
1,0.462462,0.273930,0.8326,0.8990
1,0.462462
2,0.306194,0.243174,0.8890,0.9087
2,0.306194
3,0.265006,0.215287,0.9043,0.9201
3,0.265006
4,0.240232,0.199467,0.9132,0.9248
4,0.240232
5,0.223226,0.201001,0.9194,0.9276
5,0.223226
6,0.202554,0.189219,0.9267,0.9324
6,0.202554
7,0.192930,0.193339,0.9290,0.9293
7,0.192930
8,0.178459,0.181896,0.9347,0.9327
8,0.178459
9,0.168748,0.191413,0.9376,0.9301
9,0.168748
10,0.157643,0.190591,0.9423,0.9334
10,0.157643
