epoch,train_loss
1,0.463771,0.300604,0.0000,0.8937
1,0.463771
2,0.306362,0.252137,0.0000,0.9082
2,0.306362
3,0.262909,0.230978,0.0000,0.9169
3,0.262909
4,0.239735,0.223315,0.0000,0.9154
4,0.239735
5,0.222426,0.203512,0.0000,0.9257
5,0.222426
6,0.204305,0.208141,0.0000,0.9236
6,0.204305
7,0.190946,0.195906,0.0000,0.9301
7,0.190946
8,0.178996,0.192301,0.0000,0.9312
8,0.178996
9,0.166559,0.204495,0.0000,0.9301
9,0.166559
10,0.159159,0.190610,0.0000,0.9314
10,0.159159
