epoch,train_loss
1,0.465661
2,0.302680
3,0.261797
4,0.235974
5,0.217365
